dec	hex	name
0	0x0000	EID_DEBUG
1	0x0001	EID_INFO
2	0x0002	EID_WARN
3	0x0003	EID_ERROR
1000	0x03e8	EID_I_EVENT_BEGIN
1001	0x03e9	EID_I_START
1002	0x03ea	EID_I_WHEEL_ERROR_RESUME
1003	0x03eb	EID_I_SIDE_BRUSH_ERROR_RESUME
1004	0x03ec	EID_I_MIDDLE_BRUSH_ERROR_RESUME
1005	0x03ed	EID_I_FAN_SPEED_ERROR_RESUME
1006	0x03ee	EID_I_WALL_DIRTY_RESUME
1007	0x03ef	EID_I_DROP_RESUME
1008	0x03f0	EID_I_LIDAR_COVER_RESUME
1009	0x03f1	EID_I_COLLISION_RESUME
1010	0x03f2	EID_I_PSD_RESUME
1011	0x03f3	EID_I_PICK_UP_RESUME
1012	0x03f4	EID_I_GARBAGE_BOX_IN
1013	0x03f5	EID_I_WATER_PUMP_RESUME
1014	0x03f6	EID_I_ULTRASONIC_WARN_RESUME
1015	0x03f7	EID_I_DUST_COVER_OPEN_RESUME
1016	0x03f8	EID_I_WATER_BOX_IN
1017	0x03f9	EID_I_MOP_PLUG_IN
1018	0x03fa	EID_I_MOP_PLUG_OUT
1019	0x03fb	EID_I_WALK_IN_RUG
1020	0x03fc	EID_I_WALK_OUT_RUG
1021	0x03fd	EID_I_FIND_POSTION_FINISHED
1022	0x03fe	EID_I_SLAM_MAP_UPDATE
1023	0x03ff	EID_I_RESTART_WORK_AND_BUILDMAP
1024	0x0400	EID_I_FIRMWARE_UPGRADE_PROGRESS
1025	0x0401	EID_I_MCU_UPGRADE_PROGRESS
1026	0x0402	EID_I_CHARGE
1027	0x0403	EID_I_CHARGE_FULL
1028	0x0404	EID_I_STOP_CHARGE
1029	0x0405	EID_I_POWER_KEY_CLICK
1030	0x0406	EID_I_POWER_KEY_PRESS
1031	0x0407	EID_I_HOME_KEY_CLICK
1032	0x0408	EID_I_HOME_KEY_PRESS
1033	0x0409	EID_I_DOUBLE_KEY_PRESS
1034	0x040a	EID_I_THREE_KEY_PRESS
1035	0x040b	EID_I_AREA_KEY_CLICK
1036	0x040c	EID_I_AREA_KEY_PRESS
1037	0x040d	EID_I_ENTER_CEC_MODE
1038	0x040e	EID_I_CMD_TO_RESET_WIFI
1039	0x040f	EID_I_APP_POINT_CLEAN
1040	0x0410	EID_I_APP_APPOINT_CLEAN
1041	0x0411	EID_I_APP_REAPPOINT_CLEAN
1042	0x0412	EID_I_APP_SET_CMD
1043	0x0413	EID_I_APP_START_CLEAN
1044	0x0414	EID_I_STOP_CLEAN
1045	0x0415	EID_I_APP_PAUSE_CLEAN
1046	0x0416	EID_I_APP_CONTINUE_CLEAN
1047	0x0417	EID_I_APP_START_FIND_CHG
1048	0x0418	EID_I_APP_PAUSE_FIND_CHG
1049	0x0419	EID_I_APP_STOP_FIND_CHG
1050	0x041a	EID_I_APP_SET_FORBID_AREA
1051	0x041b	EID_I_ACTIVE_REGIONS
1052	0x041c	EID_I_APP_START_FIND_CHG_AND_WASH
1053	0x041d	EID_I_APP_PAUSE_FIND_CHG_AND_WASH
1054	0x041e	EID_I_APP_RESUME_FIND_CHG_AND_WASH
1055	0x041f	EID_I_APP_STOP_FIND_CHG_AND_WASH
1056	0x0420	EID_I_TIME_TO_WORK
1057	0x0421	EID_I_ENTER_SILENT_MODE
1058	0x0422	EID_I_EXIT_SILENT_MODE
1059	0x0423	EID_I_GET_SILENT_MODE
1060	0x0424	EID_I_TIMER_DATA
1061	0x0425	EID_I_NET_TIME_UPDATED
1062	0x0426	EID_I_SYSTEM_TIME_UPDATED
1063	0x0427	EID_I_APP_SET_TIME
1064	0x0428	EID_I_SET_TIMETACTICS
1065	0x0429	EID_I_GET_TIMETACTICS
1066	0x042a	EID_I_GET_NEXT_CLEAN_TIME
1067	0x042b	EID_I_IDLE_TASK_START
1068	0x042c	EID_I_IDLE_TASK_PAUSED
1069	0x042d	EID_I_IDLE_TASK_RESUME
1070	0x042e	EID_I_IDLE_TASK_STOPPED
1071	0x042f	EID_I_CLEAN_TASK_START
1072	0x0430	EID_I_POINT_CLEAN_TASK_START
1073	0x0431	EID_I_CUR_POINT_CLEAN_TASK_START
1074	0x0432	EID_I_AREA_CLEAN_TASK_START
1075	0x0433	EID_I_ROOM_CLEAN_TASK_START
1076	0x0434	EID_I_CLEAN_TASK_PAUSED
1077	0x0435	EID_I_CLEAN_TASK_RESUME
1078	0x0436	EID_I_CLEAN_TASK_STOPPED
1079	0x0437	EID_I_CUR_POINT_CLEAN_TASK_STOPPED
1080	0x0438	EID_I_CLEAN_TASK_FINISHED
1081	0x0439	EID_I_FIND_CHARGER_TASK_START
1082	0x043a	EID_I_FIND_CHARGER_TASK_PAUSED
1083	0x043b	EID_I_FIND_CHARGER_TASK_RESUME
1084	0x043c	EID_I_FIND_CHARGER_TASK_STOPPED
1085	0x043d	EID_I_FIND_CHARGER_TASK_FINISHED
1086	0x043e	EID_I_FIND_CHARGER_TASK_FAILED
1087	0x043f	EID_I_CHARGE_TIME_TOO_LONG
1088	0x0440	EID_I_LOST_CHG_POWER_IDLE
1089	0x0441	EID_I_LOST_CHG_POWER_FIND_CHG
1090	0x0442	EID_I_CHARGE_FULL_RESUME_TASK
1091	0x0443	EID_I_LOW_POWER_TO_CLEAN
1092	0x0444	EID_I_CHARGE_TASK_START
1093	0x0445	EID_I_CHARGE_TASK_PAUSED
1094	0x0446	EID_I_CHARGE_TASK_RESUME
1095	0x0447	EID_I_CHARGE_TASK_STOPPED
1096	0x0448	EID_I_ERROR_TASK_START
1097	0x0449	EID_I_ERROR_TASK_PAUSED
1098	0x044a	EID_I_ERROR_TASK_RESUME
1099	0x044b	EID_I_ERROR_TASK_STOPPED
1100	0x044c	EID_I_REMOTE_CONTROL_TASK_START
1101	0x044d	EID_I_REMOTE_CONTROL_TASK_PAUSED
1102	0x044e	EID_I_REMOTE_CONTROL_TASK_RESUME
1103	0x044f	EID_I_REMOTE_CONTROL_TASK_STOPPED
1104	0x0450	EID_I_FIND_CHARGER_AND_WASH_TASK_START
1105	0x0451	EID_I_TRACE_TASK_START
1106	0x0452	EID_I_TRACE_TASK_STOPPED
1107	0x0453	EID_I_TRACE_PATH_START
1108	0x0454	EID_I_CLEAN_INFO_UPDATED
1109	0x0455	EID_I_GET_CLEANPACK_STATUS
1110	0x0456	EID_I_CHANGE_WORK_MODE
1111	0x0457	EID_I_CHANGE_CLEAN_MODE
1112	0x0458	EID_I_CHANGE_WASH_MOP_CLEAN_AREA
1113	0x0459	EID_I_RECOVERY_FAN_SPEED
1114	0x045a	EID_I_GET_SINGLE_CONFIG_ITEM
1115	0x045b	EID_I_GET_NODES_CONFIG
1116	0x045c	EID_I_SET_NODES_CONFIG
1117	0x045d	EID_I_SEND_CONFIG
1118	0x045e	EID_I_WIFI_RESET
1119	0x045f	EID_I_CONFIG_WIFI_BEGIN
1120	0x0460	EID_I_CONFIG_WIFI_SUCCESS
1121	0x0461	EID_I_CONFIG_WIFI_FAILED
1122	0x0462	EID_I_GET_MCU_VER
1123	0x0463	EID_I_GET_MCU_RTC
1124	0x0464	EID_I_NET_CONN
1125	0x0465	EID_I_NET_DISCONN
1126	0x0466	EID_I_REMOTE_CTRL_START
1127	0x0467	EID_I_REMOTE_CTRL_END
1128	0x0468	EID_I_LOW_BATTERY_FIND_CHARGER
1129	0x0469	EID_I_LOW_BAT_WARN
1130	0x046a	EID_I_LOW_BAT_NEED_POWEROFF
1131	0x046b	EID_I_ENTER_DORMANT
1132	0x046c	EID_I_EXIT_DORMANT
1133	0x046d	EID_I_SYSTEM_WAKEUP
1134	0x046e	EID_I_CLEAN_TASK_PAUSED_MANUALLY
1135	0x046f	EID_I_IMU_SHAKEN
1136	0x0470	EID_I_REBUILD_MAP_DONE
1137	0x0471	EID_I_SLAM_LOCATION_SUCCESS
1138	0x0472	EID_I_CAN_PROVIDE_SHOW_POSE
1139	0x0473	EID_I_CHARGER_POSE_UPDATED
1140	0x0474	EID_I_APPOINTMENT_TASK_DISABLE
1141	0x0475	EID_I_TIME_TO_WORK_START
1142	0x0476	EID_I_ACTIVE_REGIONS_AT_WORK
1143	0x0477	EID_I_MAP_AND_REGION_CHANGED
1144	0x0478	EID_I_NODE_EXIT
1145	0x0479	EID_I_WATER_PUMP_CHANGE
1146	0x047a	EID_I_NO_MOVE_DEAL_DONE
1147	0x047b	EID_I_FIND_ROBOT
1148	0x047c	EID_I_FIND_ROBOT_STOP
1149	0x047d	EID_I_FIND_ROBOT_STOPPED
1150	0x047e	EID_I_UPDATE_CLEAN_REGIONS
1151	0x047f	EID_I_SILENT_UPGRADE_DOWNLOAD
1152	0x0480	EID_I_AUTO_FORBID_AREA_UPDATED
1153	0x0481	EID_I_START_CONNECT_TO_REMOTE
1154	0x0482	EID_I_GET_CONNECT_TO_REMOTE_RESULT
1156	0x0484	EID_I_FORBID_REGIONS_CHANGED
1157	0x0485	EID_I_CPS_IDLE
1158	0x0486	EID_I_CPS_DORMANT
1159	0x0487	EID_I_CPS_CLEAN
1160	0x0488	EID_I_CPS_PAUSE
1161	0x0489	EID_I_CPS_FIND_CHARGER
1162	0x048a	EID_I_CPS_CHARGING
1163	0x048b	EID_I_CPS_ERROR
1164	0x048c	EID_I_CPS_REMOTE_CONTROL
1165	0x048d	EID_I_CPS_FULL_CHARGE
1166	0x048e	EID_I_CPS_SHUTDOWN
1167	0x048f	EID_I_CPS_FIND_CHARGER_PAUSE
1168	0x0490	EID_I_CPS_FIND_CHARGER_AND_WASH
1169	0x0491	EID_I_CPS_DUST_CENTER_WORKING
1170	0x0492	EID_I_CPS_RUNNING_MODE
1171	0x0493	EID_I_WIFI_RESET
1171	0x0493	EID_I_CPS_RUNNING_MODE
1172	0x0494	EID_I_OPEN_CAMERA
1173	0x0495	EID_I_CLOSE_CAMERA
1174	0x0496	EID_I_ENABLE_AUTO_BOOST
1175	0x0497	EID_I_DISABLE_AUTO_BOOST
1176	0x0498	EID_I_CHANGE_VOLUMN
1177	0x0499	EID_I_CAMERA_SET_BITRATE
1178	0x049a	EID_I_CAMERA_GET_BITRATE
1179	0x049b	EID_I_SLIP_PROCESS_START
1180	0x049c	EID_I_SLIP_PROCESS_END
1181	0x049d	EID_I_CHARGE_FULL_EXIT
1182	0x049e	EID_I_CHG_BAT_LEVEL_OK
1183	0x049f	EID_I_ENTER_MUTE
1184	0x04a0	EID_I_EXIT_MUTE
1185	0x04a1	EID_I_MAP_SEGMENTATION_CMD
1186	0x04a2	EID_I_MAP_SEGMENTATION_DONE
1187	0x04a3	EID_I_MAP_SEGMENTATION_FAILED
1188	0x04a4	EID_I_ESCAPE_START
1189	0x04a5	EID_I_ESCAPE_DONE
1190	0x04a6	EID_I_MCU_RESET
1191	0x04a7	EID_I_POLE_DUST_DETECTED
1192	0x04a8	EID_I_COLLECT_DUST_START
1193	0x04a9	EID_I_COLLECT_DUST_DONE
1194	0x04aa	EID_I_ENTER_DEEP_DORMANT
1195	0x04ab	EID_I_RESET_USER_DATA
1196	0x04ac	EID_I_NODE_CONFIG_RESETED
1197	0x04ad	EID_I_CUR_POINT_CLEAN_DONE_AND_RELOAD_MAP
1198	0x04ae	EID_I_MOP_NEED_CLEAN
1199	0x04af	EID_I_DUST_CENTER_WORK_START
1200	0x04b0	EID_I_DUST_CENTER_WORK_DONE
1201	0x04b1	EID_I_DUST_CENTER_WORK_FAILED
1202	0x04b2	EID_I_DUST_CENTER_FREQ_CHANGE
1203	0x04b3	EID_I_START_DUST_CENTER_WORK
1204	0x04b4	EID_I_OPEN_CLEAN_COMPONENT
1205	0x04b5	EID_I_CLOSE_CLEAN_COMPONENT
1206	0x04b6	EID_I_GET_LIDAR_CONFIG
1207	0x04b7	EID_I_BKMAP_SWITCH
1208	0x04b8	EID_I_MOP_START
1209	0x04b9	EID_I_RF_START_FIND_CHG
1210	0x04ba	EID_I_NO_NEED_OF_WORK
1211	0x04bb	EID_I_EVENT_END
2000	0x07d0	EID_C_EVENT_BEGIN
2001	0x07d1	EID_C_CARRIER_CONTROL
2002	0x07d2	EID_C_CARRIER_SWITCH_CONTROL
2003	0x07d3	EID_C_MCU_CMD_CONTROL
2004	0x07d4	EID_C_LIDAR_CONTROL
2005	0x07d5	EID_C_SLAM_CONTROL
2006	0x07d6	EID_C_NAVIGATOR_CONTROL
2007	0x07d7	EID_C_PAUSE
2008	0x07d8	EID_C_RESUME
2009	0x07d9	EID_C_CLOSE
2010	0x07da	EID_C_FIRMWARE_UPGRADE_ALL
2011	0x07db	EID_C_FIRMWARE_UPGRADE_SILENT_DOWNLOAD
2012	0x07dc	EID_C_FIRMWARE_UPGRADE_SILENT_UPDATE
2013	0x07dd	EID_C_FIRMWARE_UPGRADE_DOWNLOAD_SUCCESS
2014	0x07de	EID_C_FIRMWARE_UPGRADE_UPDATE_SUCCESS
2015	0x07df	EID_C_FIRMWARE_UPGRADE_SUCCESS
2016	0x07e0	EID_C_FIRMWARE_UPGRADE_DOWNLOAD_FAIL
2017	0x07e1	EID_C_FIRMWARE_UPGRADE_UPDATE_FAIL
2018	0x07e2	EID_C_FIRMWARE_UPGRADE_FAIL
2019	0x07e3	EID_C_MCU_UPGRADE_SUCCESS
2020	0x07e4	EID_C_MCU_UPGRADE_FAIL
2021	0x07e5	EID_C_MCU_UPGRADE
2022	0x07e6	EID_C_SHUTDOWN
2023	0x07e7	EID_C_REQUEST_REBOOT
2024	0x07e8	EID_C_REBOOT
2025	0x07e9	EID_C_UI_REQUEST_FACTORY_RESET
2026	0x07ea	EID_C_APP_REQUEST_FACTORY_RESET
2027	0x07eb	EID_C_FACTORY_RESET
2028	0x07ec	EID_C_SET_LED_SWITCH
2029	0x07ed	EID_C_RELOCALIZATION_TESTER_CONTROL
2030	0x07ee	EID_C_SLAM_REF_TESTER_CONTROL
2031	0x07ef	EID_C_SLAM_CONF_TESTER_CONTROL
2032	0x07f0	EID_C_RELOAD_BACKUPMAP
2033	0x07f1	EID_C_DELETE_MAP
2034	0x07f2	EID_C_FIRMWARE_UPGRADE_SUCCESS_VOICE
2035	0x07f3	EID_C_AV_VIDEO_KEY_FRAME
2036	0x07f4	EID_C_CARRIER_MOTOR_LIMIT_SWITCH_CONTROL
2037	0x07f5	EID_C_CARRIER_DUST_CENTER_SWITCH_CONTROL
2038	0x07f6	EID_C_AV_START_RECORD
2039	0x07f7	EID_C_AV_STOP_RECORD
2040	0x07f8	EID_C_TRACE_CTRL_START
2041	0x07f9	EID_C_TRACE_CTRL_END
2042	0x07fa	EID_C_TEST_MODE_START
2043	0x07fb	EID_C_TEST_MODE_STOP
2044	0x07fc	EID_C_NODE_DEBUGGER_WRITE
2045	0x07fd	EID_C_EVENT_END
3000	0x0bb8	EID_W_EVENT_BEGIN
3001	0x0bb9	EID_W_ULTRASONIC
3002	0x0bba	EID_W_EVENT_END
4000	0x0fa0	EID_E_EVENT_BEGIN
4001	0x0fa1	EID_E_LIDAR_INTERFACE
4002	0x0fa2	EID_E_CARRIER_INTERFACE
4003	0x0fa3	EID_E_TEMPERATURE
4004	0x0fa4	EID_E_WHEEL
4005	0x0fa5	EID_E_LEFT_WHEEL
4006	0x0fa6	EID_E_RIGHT_WHEEL
4007	0x0fa7	EID_E_UNIVERSAL_WHEEL_STUCK
4008	0x0fa8	EID_E_SIDE_BRUSH
4009	0x0fa9	EID_E_MIDDLE_BRUSH
4010	0x0faa	EID_E_MIDDLE_BRUSH_FATAL
4011	0x0fab	EID_E_FAN_SPEED
4012	0x0fac	EID_E_IMU_DATA
4013	0x0fad	EID_E_IMU_DATA_NO_CHANGE
4014	0x0fae	EID_E_COLLISION
4015	0x0faf	EID_E_DROP
4016	0x0fb0	EID_E_FRONT_WALL_DIRTY
4017	0x0fb1	EID_E_PSD_DIRTY
4018	0x0fb2	EID_E_LIDAR_SPEED_ERROR
4019	0x0fb3	EID_E_LIDAR_POINT_ERR
4020	0x0fb4	EID_E_LIDAR_PROTECTIVE_COVER
4021	0x0fb5	EID_E_ARC_FAILED
4022	0x0fb6	EID_E_SPP_LOST_POS
4023	0x0fb7	EID_E_CLEAN_LOST_POSE
4024	0x0fb8	EID_E_CLEAN_LOST_POSE_DONE
4025	0x0fb9	EID_E_FIND_CHGER_LOST_POSE
4026	0x0fba	EID_E_FIND_CHGER_LOST_POSE_DONE
4027	0x0fbb	EID_E_REMOTE_CONTROL_LOST_POSE
4028	0x0fbc	EID_E_TRACE_LOCATION_LOST_POSE
4029	0x0fbd	EID_E_FIT_LINE
4030	0x0fbe	EID_E_MAP_FILE_REQUEST
4031	0x0fbf	EID_E_GARBAGE_BOX_OUT
4032	0x0fc0	EID_E_GARBAGE_BOX_FULL
4033	0x0fc1	EID_E_GARBAGE_BOX_FULL_OUT
4034	0x0fc2	EID_E_WATER_PUMP
4035	0x0fc3	EID_E_WATER_BOX_OUT
4036	0x0fc4	EID_E_WATER_BOX_EMPTY
4037	0x0fc5	EID_E_PHYSICAL_TRAPPED
4038	0x0fc6	EID_E_PLAN_TRAPPED
4039	0x0fc7	EID_E_PICK_UP
4040	0x0fc8	EID_E_PICK_UP_DO_TASK
4041	0x0fc9	EID_E_TILE_DO_TASK
4042	0x0fca	EID_E_NO_DUST_BOX_DO_TASK
4043	0x0fcb	EID_E_NO_WATER_BOX_DO_TASK
4044	0x0fcc	EID_E_TRY_POWEROFF_ON_CHARGER
4045	0x0fcd	EID_E_SKID
4046	0x0fce	EID_E_INCORRECT_WIFI_PASSWD
4047	0x0fcf	EID_E_LONG_TIME_NO_MOVE
4048	0x0fd0	EID_E_CANNOT_UPGRADE
4049	0x0fd1	EID_E_OPT_DURING_UPGRADE
4050	0x0fd2	EID_E_BATTERY_DISCONNECT
4051	0x0fd3	EID_E_CLEAN_CANNOT_ARRIVE
4052	0x0fd4	EID_E_START_FROM_FORBID_AREA
4053	0x0fd5	EID_E_KIT_FAN_ERR
4054	0x0fd6	EID_E_KIT_SIDE_BRUSH_ERR
4055	0x0fd7	EID_E_KIT_MID_BRUSH_ERR
4056	0x0fd8	EID_E_KIT_MOTOR_ERR
4057	0x0fd9	EID_E_KIT_WATER_PUMP_ERR
4058	0x0fda	EID_E_KIT_LIDAR_ERR
4059	0x0fdb	EID_E_KIT_MOP_MOTOR_ERR
4060	0x0fdc	EID_E_KIT_SIDE_STRETCH_BRUSH_ERR
4061	0x0fdd	EID_E_START_FROM_MAGNETIC_WALL
4062	0x0fde	EID_E_COLLECT_DUST_FULL
4063	0x0fdf	EID_E_COLLECT_DUST_NO_BAG
4064	0x0fe0	EID_E_COLLECT_DUST_NO_FAN
4065	0x0fe1	EID_E_SEWAGE_TANK_FULL
4066	0x0fe2	EID_E_SEWAGE_BUFFER_TANK_FULL
4067	0x0fe3	EID_E_DUST_COVER_OPEN
4068	0x0fe4	EID_E_OPT_DURING_DUST_CENTER_WORKING
4069	0x0fe5	EID_E_DUST_CENTER_FAIL
4070	0x0fe6	EID_E_DUST_CENTER_ERROR
4071	0x0fe7	EID_E_COLLECT_DUST_MOP_IN_NOT_WORK
4072	0x0fe8	EID_E_EVENT_END
5000	0x1388	EID_R_EVENT_BEGIN
5001	0x1389	EID_R_NAVIGATOR_REQUEST
5002	0x138a	EID_R_EVENT_END
6000	0x1770	EID_N_EVENT_BEGIN
6001	0x1771	EID_N_CLEAN_DONE_NORMAL
6002	0x1772	EID_N_CLEAN_DONE_UNNORMAL
6003	0x1773	EID_N_STEP_DONE
6004	0x1774	EID_N_TARGET_DONE
6005	0x1775	EID_N_TARGET_FAILED
6006	0x1776	EID_N_SEARCH_TARGET_OVER
6007	0x1777	EID_N_ESCAPE_DONE
6008	0x1778	EID_N_TRACE_PATH_DONE
6009	0x1779	EID_N_TRACE_PATH_FAILED
6010	0x177a	EID_N_TRACE_PATH_CTRL_END
6011	0x177b	EID_N_EVENT_END
7000	0x1b58	EID_D_DEBUG_EVENT_BEGIN
7001	0x1b59	EID_D_NETWORK_MSG
